,tconst,titleType,primaryTitle,originalTitle,isAdult,startYear,endYear,runtimeMinutes,genres,titleId,ordering,title,region,language,types,attributes,isOriginalTitle,Rank,Genre,Budget,Running Time,Gross,Theaters,Total Gross,Release Date,Distributor,Estimated,directors,writers,nconst,primaryName,birthYear,deathYear,primaryProfession,knownForTitles
0,tt4337690,movie,90 Minutes in Heaven,90 Minutes in Heaven,0.0,2015.0,,121.0,Drama,tt4337690,4,90 Minutes in Heaven,US,,imdbDisplay,,0.0,165,-,-,-,"$4,842,699",899,"$4,842,699",Sep 11,The Samuel Goldwyn Company,False,nm0689187,"nm0689187,nm2926858,nm7714780",nm0689187,Michael Polish,1970.0,,"director,producer,writer","tt0162830,tt0261755,tt0322659,tt1462411"
1,tt1178665,movie,A Walk in the Woods,A Walk in the Woods,0.0,2015.0,,104,"Adventure,Biography,Comedy",tt1178665,16,A Walk in the Woods,US,,imdbDisplay,,0.0,84,-,-,-,"$29,474,282",2158,"$29,504,281",Sep 2,Broad Green Pictures,False,nm0477129,"nm1578335,nm2250139,nm0117445",nm0477129,Ken Kwapis,1957.0,,"director,producer,writer","tt3095080,tt1178665,tt4947608,tt1430615"
2,tt4357170,movie,A la mala,A la mala,0.0,2015.0,,99.0,Comedy,tt4357170,2,Falling for Mala,US,,dvd,,0.0,178,-,-,-,"$3,629,842",384,"$3,629,842",Feb 27,Lionsgate,False,nm0950426,"nm0411517,nm7053880",nm0950426,Pitipol Ybarra,,,"director,producer,camera_department","tt6156346,tt1068899,tt9893062,tt4357170"
3,tt1243974,movie,Aloha,Aloha,0.0,2015.0,,105,"Comedy,Drama,Romance",tt1243974,12,Deep Tiki,US,,,original script title,0.0,104,-,-,-,"$21,067,116",2815,"$21,067,116",May 29,Sony Pictures Entertainment (SPE),False,nm0001081,nm0001081,nm0001081,Cameron Crowe,1957.0,,"writer,producer,director","tt0116695,tt0105415,tt0181875,tt0259711"
4,tt2974918,movie,Alvin and the Chipmunks: The Road Chip,Alvin and the Chipmunks: The Road Chip,0.0,2015.0,,92.0,"Adventure,Animation,Comedy",tt2974918,27,Alvin and the Chipmunks: The Road Chip,US,,imdbDisplay,,0.0,53,-,-,-,"$55,575,427",3705,"$85,886,987",Dec 18,Twentieth Century Fox,False,nm0065608,"nm0046564,nm0439739,nm0802020,nm1186373",nm0065608,Walt Becker,1968.0,,"director,producer,writer","tt0283111,tt0976238,tt0486946,tt1684734"
5,tt3316948,movie,American Ultra,American Ultra,0.0,2015.0,,96.0,"Action,Comedy",tt3316948,4,American Ultra,US,,imdbDisplay,,0.0,123,-,-,-,"$14,440,985",2778,"$14,440,985",Aug 21,Lionsgate,False,nm1294036,nm0484840,nm1294036,Nima Nourizadeh,1977.0,,"director,editor","tt3316948,tt1636826,tt2388655,tt5563306"
6,tt2870648,movie,Amy,Amy,0.0,2015.0,,128.0,"Biography,Documentary,Music",tt2870648,18,Amy,US,,imdbDisplay,,0.0,142,-,-,-,"$8,399,911",435,"$8,413,144",Jul 3,A24,False,nm0438090,,nm0438090,Asif Kapadia,1972.0,,"producer,director,writer","tt5433114,tt2870648,tt1424432,tt0295682"
7,tt5116208,movie,Annie,Annie,0.0,2015.0,,74.0,"Drama,Romance",tt5116208,1,Annie,US,,imdbDisplay,,0.0,85,-,-,-,"$28,959,342",3197,"$85,911,262",Dec 19,Sony Pictures Entertainment (SPE),False,nm3249809,nm3249809,nm3249809,Ashley Christopher Leach,,,"miscellaneous,writer,producer","tt2609106,tt3656668,tt5116208,tt3243398"
8,tt0478970,movie,Ant-Man,Ant-Man,0.0,2015.0,,117.0,"Action,Adventure,Comedy",tt0478970,15,Ant Man,US,,,alternative spelling,0.0,14,-,-,-,"$180,202,163",3868,"$180,202,163",Jul 17,Walt Disney Studios Motion Pictures,False,nm0715636,"nm0942367,nm0180428,nm0570912,nm0748620,nm0498278,nm1293367,nm0456158",nm0715636,Peyton Reed,1964.0,,"director,producer,actor","tt0204946,tt5095030,tt0478970,tt1068680"
9,tt2395427,movie,Avengers: Age of Ultron,Avengers: Age of Ultron,0.0,2015.0,,141.0,"Action,Adventure,Sci-Fi",tt2395427,15,The Avengers 2,US,,working,,0.0,3,-,-,-,"$459,005,868",4276,"$459,005,868",May 1,Walt Disney Studios Motion Pictures,False,nm0923736,"nm0923736,nm0498278,nm0456158,nm0800209,nm4160687",nm0923736,Joss Whedon,1964.0,,"writer,producer,director","tt0848228,tt0118276,tt1259521,tt0162065"
10,tt2631186,movie,Baahubali: The Beginning,Bãhubali: The Beginning,0.0,2015.0,,159.0,"Action,Drama",tt2631186,24,Baahubali: The Beginning,US,,imdbDisplay,,0.0,169,-,-,-,"$4,518,000",236,"$6,738,000",Jul 9,Blue Sky Cinema,False,nm1442514,"nm2353436,nm1442514,nm7448575,nm4488268,nm4157919,nm4191232",nm1442514,S.S. Rajamouli,1973.0,,"writer,producer,director","tt2631186,tt2258337,tt4849438,tt1447500"
11,tt3735246,movie,Bajirao Mastani,Bajirao Mastani,0.0,2015.0,,158.0,"Action,Drama,History",tt3735246,17,Bajirao Mastani,US,,imdbDisplay,,0.0,163,-,-,-,"$5,070,014",304,"$6,557,047",Dec 18,Eros Worldwide,False,nm0080220,"nm7816195,nm0080220,nm1165501",nm0080220,Sanjay Leela Bhansali,1963.0,,"producer,editor,writer","tt5935704,tt3735246,tt0238936,tt0375611"
12,tt3863552,movie,Bajrangi Bhaijaan,Bajrangi Bhaijaan,0.0,2015.0,,163,"Action,Adventure,Comedy",tt3863552,20,Bajrangi Bhaijaan,US,,imdbDisplay,,0.0,146,-,-,-,"$7,914,436",257,"$8,178,001",Jul 17,Eros Worldwide,False,nm1203138,"nm2353436,nm1203138,nm5151578,nm4478309",nm1203138,Kabir Khan,,,"director,producer,writer","tt2016894,tt1328634,tt3863552,tt0770214"
13,tt1355683,movie,Black Mass,Black Mass,0.0,2015.0,,123.0,"Biography,Crime,Drama",tt1355683,9,Black Mass,US,,imdbDisplay,,0.0,49,-,-,-,"$62,575,678",3188,"$62,575,678",Sep 18,Warner Bros.,False,nm0178376,"nm3286851,nm0125336,nm3251662,nm3238883",nm0178376,Scott Cooper,1970.0,,"actor,director,writer","tt5478478,tt1355683,tt1263670,tt1206543"
14,tt2717822,movie,Blackhat,Blackhat,0.0,2015.0,,133.0,"Action,Crime,Thriller",tt2717822,16,Blackhat,US,,imdbDisplay,,0.0,145,-,-,-,"$8,005,980",2568,"$8,005,980",Jan 16,Universal Pictures,False,nm0000520,nm1420156,nm0000520,Michael Mann,1943.0,,"producer,writer,director","tt0091474,tt0104691,tt0140352,tt0369339"
15,tt3682448,movie,Bridge of Spies,Bridge of Spies,0.0,2015.0,,142.0,"Drama,History,Thriller",tt3682448,17,Bridge of Spies,US,,imdbDisplay,,0.0,41,-,-,-,"$70,447,776",2873,"$72,313,754",Oct 16,Walt Disney Studios Motion Pictures,False,nm0000229,"nm4131020,nm0001053,nm0001054",nm0000229,Steven Spielberg,1946.0,,"producer,writer,director","tt0120815,tt0108052,tt0082971,tt0083866"
16,tt2381111,movie,Brooklyn,Brooklyn,0.0,2015.0,,117.0,"Drama,Romance",tt2381111,40,Brooklyn,US,,imdbDisplay,,0.0,106,-,-,-,"$19,563,995",962,"$38,322,743",Nov 4,Fox Searchlight Pictures,False,nm1259871,"nm0394984,nm1460386",nm1259871,John Crowley,1969.0,,director,"tt0332658,tt1078188,tt2218003,tt2381111"
17,tt2503944,movie,Burnt,Burnt,0.0,2015.0,,101.0,"Comedy,Drama",tt2503944,19,The Chef,US,,working,,0.0,125,-,-,-,"$13,594,751",3003,"$13,651,946",Oct 30,The Weinstein Company,False,nm0920274,"nm1140275,nm0435701",nm0920274,John Wells,1956.0,,"producer,writer,director","tt0108757,tt0200276,tt1322269,tt1172991"
18,tt3268668,movie,Captive,Captive,0.0,2015.0,,97.0,"Action,Biography,Crime",tt3268668,5,Captive,US,,imdbDisplay,,0.0,193,-,-,-,"$2,583,301",807,"$2,583,301",Sep 18,Paramount Pictures,False,nm0417054,"nm0083349,nm2053278,nm8354080,nm3690965",nm0417054,Jerry Jameson,1934.0,,"editorial_department,director,producer","tt0062589,tt0081400,tt0075648,tt0127637"
19,tt2402927,movie,Carol,Carol,0.0,2015.0,,118.0,"Drama,Romance",tt2402927,21,Carol,US,,imdbDisplay,,0.0,176,-,-,-,"$3,801,134",790,"$12,711,491",Nov 20,The Weinstein Company,False,nm0001331,"nm0619507,nm0383604",nm0001331,Todd Haynes,1961.0,,"director,writer,producer","tt0297884,tt0120879,tt2402927,tt0368794"
20,tt1823672,movie,Chappie,Chappie,0.0,2015.0,,120.0,"Action,Crime,Drama",tt1823672,6,Chappie,US,,imdbDisplay,,0.0,82,-,-,-,"$31,569,268",3201,"$31,569,268",Mar 6,Sony Pictures Entertainment (SPE),False,nm0088955,"nm0088955,nm2833612",nm0088955,Neill Blomkamp,1979.0,,"director,writer,visual_effects","tt1535108,tt1136608,tt1823672,tt13392012"
21,tt4594834,movie,Chi-Raq,Chi-Raq,0.0,2015.0,,127.0,"Comedy,Crime,Drama",tt4594834,14,Chi-Raq,US,,imdbDisplay,,0.0,194,-,-,-,"$2,570,882",305,"$2,653,032",Dec 4,Roadside Attractions,False,nm0000490,"nm0932551,nm0000490,nm0034922",nm0000490,Spike Lee,1957.0,,"director,producer,writer","tt0091939,tt0097216,tt0104797,tt9777644"
22,tt10013634,movie,Cinderella,Cinderella,0.0,2018.0,,150.0,Musical,tt10013634,1,Cinderella,US,,imdbDisplay,,0.0,10,-,-,-,"$201,151,353",3848,"$201,151,353",Mar 13,Walt Disney Studios Motion Pictures,False,nm2502689,,nm2502689,Brad Dalton,,,"director,miscellaneous","tt3952194,tt0159876"
23,tt3322364,movie,Concussion,Concussion,0.0,2015.0,,123.0,"Biography,Drama,Sport",tt3322364,26,Concussion,US,,imdbDisplay,,0.0,116,-,-,-,"$17,420,369",2841,"$34,542,474",Dec 25,Sony Pictures Entertainment (SPE),False,nm1481618,"nm1481618,nm6543415",nm1481618,Peter Landesman,,,"writer,director,producer","tt3322364,tt1216491,tt2345112,tt5175450"
24,tt3076658,movie,Creed,Creed,0.0,2015.0,,133.0,"Drama,Sport",tt3076658,30,Creed,US,,imdbDisplay,,0.0,28,-,-,-,"$99,385,165",3502,"$109,767,581",Nov 25,Warner Bros.,False,nm3363032,"nm3363032,nm2128400,nm0000230",nm3363032,Ryan Coogler,1986.0,,"producer,director,writer","tt9784798,tt3076658,tt1825683,tt2334649"
25,tt2554274,movie,Crimson Peak,Crimson Peak,0.0,2015.0,,119.0,"Drama,Horror,Mystery",tt2554274,23,Crimson Peak,US,,imdbDisplay,,0.0,83,-,-,-,"$31,090,320",2991,"$31,090,320",Oct 16,Universal Pictures,False,nm0868219,"nm0868219,nm0730422",nm0868219,Guillermo del Toro,1964.0,,"writer,producer,director","tt0167190,tt5580390,tt1663662,tt0457430"
26,tt1528854,movie,Daddy's Home,Daddy's Home,0.0,2015.0,,96.0,"Comedy,Family",tt1528854,5,World's Greatest Brad,US,,working,,0.0,46,-,-,-,"$64,684,278",3483,"$150,357,137",Dec 25,Paramount Pictures,False,nm1890845,"nm0122602,nm1890845,nm1898234",nm1890845,Sean Anders,,,"writer,director,producer","tt5657846,tt2170439,tt1232200,tt7401588"
27,tt1772288,movie,Danny Collins,Danny Collins,0.0,2015.0,,106.0,"Biography,Comedy,Drama",tt1772288,15,Imagine,US,,,original script title,0.0,161,-,-,-,"$5,637,066",739,"$5,637,066",Mar 20,Bleecker Street Media,False,nm1557594,nm1557594,nm1557594,Dan Fogelman,,,"writer,producer,director","tt5555260,tt5989218,tt0317219,tt0398286"
28,tt4110568,movie,Dil Dhadakne Do,Dil Dhadakne Do,0.0,2015.0,,170.0,"Comedy,Drama,Romance",tt4110568,5,Let the Heart Beat,US,,,literal English title,0.0,185,-,-,-,"$3,066,100",238,"$3,066,100",Jun 5,Eros Worldwide,False,nm0015295,"nm0015295,nm1030373,nm0015287,nm1027719",nm0015295,Zoya Akhtar,1972.0,,"writer,producer,director","tt1562872,tt1787988,tt2395469,tt6494622"
29,tt4535650,movie,Dilwale,Dilwale,0.0,2015.0,,158.0,"Action,Comedy,Drama",tt4535650,3,The Big Hearted,US,,,informal English title,0.0,172,-,-,-,"$4,394,522",268,"$4,871,263",Dec 17,UTV Motion Pictures,False,nm1460159,"nm1182352,nm2260872,nm2678319",nm1460159,Rohit Shetty,1974.0,,"director,stunts,producer","tt7212726,tt1948150,tt2112124,tt1806913"
30,tt4056738,movie,Do You Believe?,Do You Believe?,0.0,2015.0,,120.0,Drama,tt4056738,6,Do You Believe?,US,,imdbDisplay,,0.0,127,-,-,-,"$12,985,600",1356,"$12,985,600",Mar 20,Pure Flix Entertainment,False,nm0348197,"nm0465484,nm0813301",nm0348197,Jon Gunn,1973.0,,"writer,director,producer","tt4056738,tt3906192,tt0378407,tt0981042"
31,tt3850214,movie,Dope,Dope,0.0,2015.0,,103,"Adventure,Comedy,Crime",tt3850214,21,Dope,US,,imdbDisplay,,0.0,115,-,-,-,"$17,506,470",2002,"$17,506,470",Jun 19,Open Road Films (II),False,nm0266622,nm0266622,nm0266622,Rick Famuyiwa,1973.0,,"producer,director,writer","tt0161100,tt6294706,tt8111088,tt3850214"
32,tt3819668,movie,"Dragon Ball Z: Resurrection ""F""",Dragon Ball Z: Doragon bôru Z - Fukkatsu no 'F',0.0,2015.0,,93.0,"Action,Adventure,Animation",tt3819668,16,"Dragon Ball Z: Resurrection ""F""",US,,imdbDisplay,,0.0,144,-,-,-,"$8,008,363",913,"$8,008,363",Aug 4,FUNimation Entertainment,False,nm2238569,nm0868066,nm2238569,Tadayoshi Yamamuro,,,"animation_department,art_department,director","tt0368667,tt0092067,tt3819668,tt2263944"
33,tt1674771,movie,Entourage,Entourage,0.0,2015.0,,104.0,"Comedy,Drama",tt1674771,32,Entourage,US,,imdbDisplay,,0.0,80,-,-,-,"$32,363,404",3108,"$32,363,404",Jun 3,Warner Bros.,False,nm0254120,"nm0254120,nm0731146",nm0254120,Doug Ellin,1968.0,,"writer,producer,director","tt1674771,tt0117332,tt4507204,tt0387199"
34,tt2719848,movie,Everest,Everest,0.0,2015.0,,121.0,"Action,Adventure,Biography",tt2719848,3,Everest,US,,imdbDisplay,,0.0,67,-,-,-,"$43,482,270",3009,"$43,482,270",Sep 18,Universal Pictures,False,nm0466349,"nm0629933,nm0064479",nm0466349,Baltasar Kormákur,1966.0,,"producer,director,writer","tt0237993,tt0332381,tt1272878,tt0805576"
35,tt1502712,movie,Fantastic Four,Fantastic Four,0.0,2015.0,,100.0,"Action,Adventure,Sci-Fi",tt1502712,19,Henry Street,US,,,fake working title,0.0,52,-,-,-,"$56,117,548",4004,"$56,117,548",Aug 7,Twentieth Century Fox,False,nm2503633,"nm2916300,nm1334526,nm2503633,nm0498278,nm0456158",nm2503633,Josh Trank,1984.0,,"writer,director,editor","tt0862593,tt1706593,tt6199572,tt1502712"
36,tt1502712,movie,Fantastic Four,Fantastic Four,0.0,2015.0,,100.0,"Action,Adventure,Sci-Fi",tt1502712,19,Henry Street,US,,,fake working title,0.0,52,-,-,-,"$56,117,548",4004,"$56,117,548",Aug 7,Twentieth Century Fox,False,nm0729701,"nm2916300,nm1334526,nm2503633,nm0498278,nm0456158",nm0729701,Stephen E. Rivkin,,,"editor,director,editorial_department","tt0499549,tt0325980,tt0383574,tt0449088"
37,tt2935476,movie,Far from the Madding Crowd,Far from the Madding Crowd,0.0,2015.0,,119.0,"Drama,Romance",tt2935476,11,Far from the Madding Crowd,US,,imdbDisplay,,0.0,133,-,-,-,"$12,236,500",902,"$12,236,500",May 1,Fox Searchlight Pictures,False,nm0899121,"nm0362762,nm0390141",nm0899121,Thomas Vinterberg,1969.0,,"director,writer,actor","tt10288566,tt0154420,tt1322385,tt2106476"
38,tt2322441,movie,Fifty Shades of Grey,Fifty Shades of Grey,0.0,2015.0,,125.0,"Drama,Romance,Thriller",tt2322441,14,Max & Banks,US,,,fake working title,0.0,17,-,-,-,"$166,167,230",3655,"$166,167,230",Feb 13,Universal Pictures,False,nm0853374,"nm0545150,nm1093317",nm0853374,Sam Taylor-Johnson,1967.0,,"director,producer,writer","tt0427543,tt1155591,tt2322441,tt1266029"
39,tt2381941,movie,Focus,Focus,0.0,2015.0,,105.0,"Comedy,Crime,Drama",tt2381941,35,Focus,US,,imdbDisplay,,0.0,54,-,-,-,"$53,862,963",3323,"$53,862,963",Feb 27,Warner Bros.,False,nm0720135,"nm0275629,nm0720135",nm0720135,John Requa,,,"producer,writer,director","tt0870154,tt1045772,tt2381941,tt5555260"
40,tt2381941,movie,Focus,Focus,0.0,2015.0,,105.0,"Comedy,Crime,Drama",tt2381941,35,Focus,US,,imdbDisplay,,0.0,54,-,-,-,"$53,862,963",3323,"$53,862,963",Feb 27,Warner Bros.,False,nm0275629,"nm0275629,nm0720135",nm0275629,Glenn Ficarra,,,"producer,writer,director","tt0870154,tt0239395,tt1045772,tt5555260"
41,tt2820852,movie,Furious 7,Fast & Furious 7,0.0,2015.0,,137.0,"Action,Adventure,Thriller",tt2820852,1,Furious 7,US,,imdbDisplay,,0.0,5,-,-,-,"$353,007,020",4022,"$353,007,020",Apr 3,Universal Pictures,False,nm1490123,"nm0604555,nm0860155",nm1490123,James Wan,1977.0,,"producer,director,writer","tt1477834,tt0387564,tt3065204,tt2820852"
42,tt2561572,movie,Get Hard,Get Hard,0.0,2015.0,,100.0,"Comedy,Crime",tt2561572,3,Get Hard,US,,imdbDisplay,,0.0,30,-,-,-,"$90,411,453",3212,"$90,411,453",Mar 27,Warner Bros.,False,nm1000113,"nm1007602,nm0731168,nm1000113,nm0570912",nm1000113,Etan Cohen,1974.0,,"writer,producer,director","tt1255919,tt0387808,tt1409024,tt0479952"
43,tt1051904,movie,Goosebumps,Goosebumps,0.0,2015.0,,103.0,"Adventure,Comedy,Family",tt1051904,1,Goosebumps,US,,imdbDisplay,,0.0,35,-,-,-,"$79,132,868",3618,"$80,080,379",Oct 16,Sony Pictures Entertainment (SPE),False,nm1224299,"nm0501359,nm0018735,nm0438989,nm0830419",nm1224299,Rob Letterman,,,"writer,director,producer","tt5884052,tt0892782,tt0307453,tt2091256"
44,tt4270516,movie,Grandma,Grandma,0.0,2015.0,,79.0,"Comedy,Drama",tt4270516,4,Grandma,US,,imdbDisplay,,0.0,154,-,-,-,"$6,923,276",1061,"$6,980,524",Aug 21,Sony Pictures Classics,False,nm0919369,nm0919369,nm0919369,Paul Weitz,1965.0,,"producer,writer,director","tt0455323,tt0385267,tt0450405,tt0276751"
45,tt3065132,movie,He Named Me Malala,He Named Me Malala,0.0,2015.0,,88.0,"Biography,Documentary",tt3065132,14,He Named Me Malala,US,,imdbDisplay,,0.0,192,-,-,-,"$2,668,936",477,"$2,668,936",Oct 2,Fox Searchlight Pictures,False,nm0346550,nm5324796,nm0346550,Davis Guggenheim,1963.0,,"producer,director,writer","tt0139654,tt3065132,tt1566648,tt0497116"
46,tt2679042,movie,Hitman: Agent 47,Hitman: Agent 47,0.0,2015.0,,96.0,"Action,Crime,Thriller",tt2679042,34,Hitman: Agent 47,US,,imdbDisplay,,0.0,101,-,-,-,"$22,467,450",3273,"$22,467,450",Aug 21,Twentieth Century Fox,False,nm5507490,"nm0940790,nm3360218,nm0412282,nm2288699",nm5507490,Aleksander Bach,1980.0,,"director,writer","tt2679042,tt2599112"
47,tt10353704,movie,Home,Home,0.0,2020.0,,100.0,Drama,tt10353704,5,Home,US,,imdbDisplay,,0.0,15,-,-,-,"$177,397,510",3801,"$177,397,510",Mar 27,Twentieth Century Fox,False,nm0004376,nm0004376,nm0004376,Franka Potente,1974.0,,"actress,soundtrack,director","tt0130827,tt0258463,tt0203632,tt0372183"
48,tt2967224,movie,Hot Pursuit,Hot Pursuit,0.0,2015.0,,87.0,"Action,Comedy,Crime",tt2967224,19,Hot Pursuit,US,,imdbDisplay,,0.0,75,-,-,-,"$34,580,201",3037,"$34,580,201",May 8,Warner Bros.,False,nm0281945,"nm1068488,nm1735367",nm0281945,Anne Fletcher,1966.0,,"miscellaneous,director,actress","tt0395699,tt0427327,tt0462590,tt1041829"
49,tt2637294,movie,Hot Tub Time Machine 2,Hot Tub Time Machine 2,0.0,2015.0,,93.0,"Comedy,Mystery,Sci-Fi",tt2637294,10,Hot Tub Time Machine 3: Because Hot Tub Time Machine 2 Hasn't Happened Yet,US,,working,,0.0,131,-,-,-,"$12,314,651",2901,"$12,314,651",Feb 20,Paramount Pictures,False,nm0684336,"nm0372222,nm5236778",nm0684336,Steve Pink,,,"director,writer,producer","tt0119229,tt0146882,tt1231587,tt2637294"
50,tt2510894,movie,Hotel Transylvania 2,Hotel Transylvania 2,0.0,2015.0,,89.0,"Adventure,Animation,Comedy",tt2510894,26,Hotel Transylvania 2,US,,imdbDisplay,,0.0,16,-,-,-,"$168,471,018",3768,"$169,700,110",Sep 25,Sony Pictures Entertainment (SPE),False,nm0850733,"nm0806912,nm0001191,nm0244110",nm0850733,Genndy Tartakovsky,1970.0,,"producer,writer,director","tt0175058,tt0115157,tt0278238,tt10332508"
51,tt4643580,movie,Huevos: Little Rooster's Egg-cellent Adventure,Un gallo con muchos huevos,0.0,2015.0,,98.0,"Adventure,Animation,Comedy",tt4643580,7,Huevos: Little Rooster's Egg-cellent Adventure,US,,imdbDisplay,,0.0,140,-,-,-,"$9,080,818",616,"$9,080,818",Sep 4,Lionsgate,False,nm1349604,"nm1055128,nm5654268,nm2296859,nm2319883,nm1349604,nm5228798,nm2949944,nm4080720",nm1349604,Rodolfo Riva Palacio Alatriste,1970.0,,"writer,producer,director","tt8101238,tt0824696,tt1403983,tt4643580"
52,tt4643580,movie,Huevos: Little Rooster's Egg-cellent Adventure,Un gallo con muchos huevos,0.0,2015.0,,98.0,"Adventure,Animation,Comedy",tt4643580,7,Huevos: Little Rooster's Egg-cellent Adventure,US,,imdbDisplay,,0.0,140,-,-,-,"$9,080,818",616,"$9,080,818",Sep 4,Lionsgate,False,nm2319883,"nm1055128,nm5654268,nm2296859,nm2319883,nm1349604,nm5228798,nm2949944,nm4080720",nm2319883,Gabriel Riva Palacio Alatriste,,,"director,producer,actor","tt7941612,tt4643580,tt0824696,tt1403983"
53,tt4643580,movie,Huevos: Little Rooster's Egg-cellent Adventure,Un gallo con muchos huevos,0.0,2015.0,,98.0,"Adventure,Animation,Comedy",tt4643580,7,Huevos: Little Rooster's Egg-cellent Adventure,US,,imdbDisplay,,0.0,140,-,-,-,"$9,080,818",616,"$9,080,818",Sep 4,Lionsgate,False,nm5228798,"nm1055128,nm5654268,nm2296859,nm2319883,nm1349604,nm5228798,nm2949944,nm4080720",nm5228798,Melanie Simka,,,"director,writer,miscellaneous","tt2630526,tt4162910,tt1876517,tt2284790"
54,tt3236120,movie,I'll See You in My Dreams,I'll See You in My Dreams,0.0,2015.0,,92.0,"Comedy,Drama,Romance",tt3236120,1,I'll See You in My Dreams,US,,imdbDisplay,,0.0,150,-,-,-,"$7,449,681",290,"$7,449,681",May 15,Bleecker Street Media,False,nm1417640,"nm1417640,nm5303256",nm1417640,Brett Haley,,,"director,writer,producer","tt3236120,tt7158430,tt3907584,tt5655222"
55,tt1390411,movie,In the Heart of the Sea,In the Heart of the Sea,0.0,2015.0,,122.0,"Action,Adventure,Biography",tt1390411,30,In the Heart of the Sea,US,,imdbDisplay,,0.0,99,-,-,-,"$23,063,385",3103,"$25,020,758",Dec 11,Warner Bros.,False,nm0000165,"nm0495378,nm0415425,nm0798646,nm1090930",nm0000165,Ron Howard,1954.0,,"actor,producer,director","tt0268978,tt0088933,tt0367279,tt0112384"
56,tt2096673,movie,Inside Out,Inside Out,0.0,2015.0,,95.0,"Adventure,Animation,Comedy",tt2096673,53,Inside Out,US,,imdbDisplay,,0.0,4,-,-,-,"$356,461,711",4158,"$356,461,711",Jun 19,Walt Disney Studios Motion Pictures,False,nm0230032,"nm0230032,nm0215455,nm0498834,nm2155757,nm1578335,nm2919995,nm0352778,nm0688132",nm0230032,Pete Docter,1968.0,,"producer,writer,director","tt1049413,tt2948372,tt0198781,tt2096673"
57,tt2096673,movie,Inside Out,Inside Out,0.0,2015.0,,95.0,"Adventure,Animation,Comedy",tt2096673,53,Inside Out,US,,imdbDisplay,,0.0,4,-,-,-,"$356,461,711",4158,"$356,461,711",Jun 19,Walt Disney Studios Motion Pictures,False,nm0215455,"nm0230032,nm0215455,nm0498834,nm2155757,nm1578335,nm2919995,nm0352778,nm0688132",nm0215455,Ronnie Del Carmen,1959.0,,"animation_department,art_department,miscellaneous","tt1049413,tt0166813,tt2096673,tt0111970"
58,tt3195644,movie,Insidious: Chapter 3,Insidious: Chapter 3,0.0,2015.0,,97.0,"Horror,Mystery,Thriller",tt3195644,17,Insidious 3,US,,,informal short title,0.0,57,-,-,-,"$52,218,558",3014,"$52,218,558",Jun 5,Focus Features,False,nm1191481,nm1191481,nm1191481,Leigh Whannell,1977.0,,"actor,writer,producer","tt0387564,tt2490326,tt1051906,tt6499752"
59,tt3715320,movie,Irrational Man,Irrational Man,0.0,2015.0,,95.0,"Comedy,Crime,Drama",tt3715320,18,Untitled Woody Allen Project,US,,working,,0.0,175,-,-,-,"$4,030,360",925,"$4,030,360",Jul 17,Sony Pictures Classics,False,nm0000095,nm0000095,nm0000095,Woody Allen,1935.0,,"writer,director,actor","tt0097123,tt0091167,tt0079522,tt0075686"
60,tt2446980,movie,Joy,Joy,0.0,2015.0,,124.0,"Biography,Drama",tt2446980,23,Joy,US,,imdbDisplay,,0.0,86,-,-,-,"$28,310,094",2924,"$56,451,232",Dec 25,Twentieth Century Fox,False,nm0751102,"nm0751102,nm1754239",nm0751102,David O. Russell,1958.0,,"producer,director,writer","tt1045658,tt0120188,tt1800241,tt2446980"
61,tt1617661,movie,Jupiter Ascending,Jupiter Ascending,0.0,2015.0,,127.0,"Action,Adventure,Sci-Fi",tt1617661,18,Jupiter Ascending,US,,imdbDisplay,,0.0,61,-,-,-,"$47,387,723",3181,"$47,387,723",Feb 6,Warner Bros.,False,nm0905154,"nm0905152,nm0905154",nm0905154,Lana Wachowski,1965.0,,"writer,producer,director","tt0133093,tt1371111,tt0234215,tt0115736"
62,tt1617661,movie,Jupiter Ascending,Jupiter Ascending,0.0,2015.0,,127.0,"Action,Adventure,Sci-Fi",tt1617661,18,Jupiter Ascending,US,,imdbDisplay,,0.0,61,-,-,-,"$47,387,723",3181,"$47,387,723",Feb 6,Warner Bros.,False,nm0905152,"nm0905152,nm0905154",nm0905152,Lilly Wachowski,1967.0,,"writer,producer,director","tt0234215,tt1371111,tt0133093,tt0115736"
63,tt0369610,movie,Jurassic World,Jurassic World,0.0,2015.0,,124.0,"Action,Adventure,Sci-Fi",tt0369610,18,Jurassic World 3D,US,,,3-D version,0.0,1,-,-,-,"$652,270,625",4291,"$652,270,625",Jun 12,Universal Pictures,False,nm1119880,"nm0415425,nm0798646,nm1119880,nm2081046,nm0000341",nm1119880,Colin Trevorrow,1976.0,,"writer,producer,director","tt8041270,tt1862079,tt4572792,tt0369610"
64,tt3850590,movie,Krampus,Krampus,0.0,2015.0,,98,"Comedy,Drama,Fantasy",tt3850590,24,Krampus,US,,imdbDisplay,,0.0,71,-,-,-,"$41,465,710",2919,"$42,725,475",Dec 4,Universal Pictures,False,nm1002424,"nm2591926,nm1002424,nm1296461",nm1002424,Michael Dougherty,1974.0,,"writer,director,actor","tt0290334,tt0348150,tt3850590,tt0862856"
65,tt4296800,movie,Ladrones,Ladrones,0.0,2015.0,,97.0,Comedy,tt4296800,5,Ladrones,US,,imdbDisplay,,0.0,186,-,-,-,"$3,063,505",375,"$3,063,505",Oct 9,Lionsgate,False,nm0994553,nm1211334,nm0994553,Joe Menendez,1969.0,,"director,producer,writer","tt3337194,tt7475590,tt5615700,tt3148266"
66,tt1810683,movie,Little Boy,Little Boy,0.0,2015.0,,106.0,"Drama,History,War",tt1810683,9,Little Boy,US,,imdbDisplay,,0.0,157,-,-,-,"$6,485,961",1045,"$6,485,961",Apr 24,Open Road Films (II),False,nm1920049,"nm1920049,nm2433864",nm1920049,Alejandro Monteverde,1977.0,,"director,writer,producer","tt1810683,tt0482463"
67,tt2279339,movie,Love the Coopers,Love the Coopers,0.0,2015.0,,107.0,"Comedy,Fantasy,Romance",tt2279339,13,Let It Snow,US,,working,,0.0,93,-,-,-,"$26,054,993",2603,"$26,302,731",Nov 13,Lionsgate,False,nm0625458,nm0737216,nm0625458,Jessie Nelson,1955.0,,"writer,producer,director","tt0277027,tt0108174,tt0490084,tt8521376"
68,tt1392190,movie,Mad Max: Fury Road,Mad Max: Fury Road,0.0,2015.0,,120.0,"Action,Adventure,Sci-Fi",tt1392190,26,Mad Max: Fury Road,US,,imdbDisplay,,0.0,21,-,-,-,"$153,636,354",3722,"$153,636,354",May 15,Warner Bros.,False,nm0004306,"nm0004306,nm0565068,nm0490147",nm0004306,George Miller,1945.0,,"producer,writer,director","tt0082694,tt0366548,tt0079501,tt1392190"
69,tt2268016,movie,Magic Mike XXL,Magic Mike XXL,0.0,2015.0,,115.0,"Comedy,Drama,Music",tt2268016,11,Magic Mike XXL,US,,imdbDisplay,,0.0,43,-,-,-,"$66,013,057",3376,"$66,013,057",Jul 1,Warner Bros.,False,nm0414423,nm1730221,nm0414423,Gregory Jacobs,,,"producer,assistant_director,writer","tt0496806,tt1631867,tt3973820,tt2268016"
70,tt3369806,movie,Max,Max,0.0,2015.0,,111.0,"Adventure,Drama,Family",tt3369806,13,Max,US,,imdbDisplay,,0.0,69,-,-,-,"$42,656,255",2870,"$42,656,255",Jun 26,Warner Bros.,False,nm0945026,"nm0945026,nm0504802",nm0945026,Boaz Yakin,1966.0,,"writer,director,producer","tt10373830,tt1079980,tt0109842,tt0210945"
71,tt4046784,movie,Maze Runner: The Scorch Trials,Maze Runner: The Scorch Trials,0.0,2015.0,,131.0,"Action,Adventure,Sci-Fi",tt4046784,12,Maze Runner 2,US,,,short title,0.0,33,-,-,-,"$81,630,702",3792,"$81,697,192",Sep 18,Twentieth Century Fox,False,nm1226871,"nm2385905,nm4212895",nm1226871,Wes Ball,1980.0,,"art_department,director,visual_effects","tt4500922,tt4046784,tt1790864,tt11389872"
72,tt2097298,movie,"McFarland, USA","McFarland, USA",0.0,2015.0,,129.0,"Biography,Drama,Sport",tt2097298,29,"McFarland, USA",US,,imdbDisplay,,0.0,64,-,-,-,"$44,482,410",2792,"$44,482,410",Feb 20,Walt Disney Studios Motion Pictures,False,nm0138927,"nm1480450,nm0319619,nm0860184",nm0138927,Niki Caro,1967.0,,"director,writer,producer","tt0298228,tt1730768,tt2097298,tt0395972"
73,tt2582496,movie,Me and Earl and the Dying Girl,Me and Earl and the Dying Girl,0.0,2015.0,,105.0,"Comedy,Drama",tt2582496,9,Me and Earl and the Dying Girl,US,,imdbDisplay,,0.0,156,-,-,-,"$6,758,416",870,"$6,758,416",Jun 12,Fox Searchlight Pictures,False,nm0004234,nm5428959,nm0004234,Alfonso Gomez-Rejon,,,"producer,director,assistant_director","tt2582496,tt1844624,tt1024648,tt0473705"
74,tt2545428,movie,Meru,Meru,0.0,2015.0,,90.0,"Documentary,Sport",tt2545428,1,Meru,US,,imdbDisplay,,0.0,200,-,-,-,"$2,334,228",176,"$2,334,228",Aug 14,Music Box Films,False,nm3011011,,nm3011011,Jimmy Chin,,,"camera_department,director,producer","tt9098872,tt9271172,tt2545428,tt7775622"
75,tt2545428,movie,Meru,Meru,0.0,2015.0,,90.0,"Documentary,Sport",tt2545428,1,Meru,US,,imdbDisplay,,0.0,200,-,-,-,"$2,334,228",176,"$2,334,228",Aug 14,Music Box Films,False,nm1888091,,nm1888091,Elizabeth Chai Vasarhelyi,,,"director,producer,writer","tt9098872,tt7775622,tt2545428,tt1235450"
76,tt2293640,movie,Minions,Minions,0.0,2015.0,,91.0,"Adventure,Animation,Comedy",tt2293640,26,Minions,US,,imdbDisplay,,0.0,7,-,-,-,"$336,045,770",4311,"$336,045,770",Jul 10,Universal Pictures,False,nm0049633,nm0528244,nm0049633,Kyle Balda,1971.0,,"director,animation_department,visual_effects","tt1482459,tt0110475,tt3469046,tt2293640"
77,tt2293640,movie,Minions,Minions,0.0,2015.0,,91.0,"Adventure,Animation,Comedy",tt2293640,26,Minions,US,,imdbDisplay,,0.0,7,-,-,-,"$336,045,770",4311,"$336,045,770",Jul 10,Universal Pictures,False,nm1853544,nm0528244,nm1853544,Pierre Coffin,1967.0,,"director,writer,actor","tt3469046,tt1690953,tt1323594,tt2293640"
78,tt2381249,movie,Mission: Impossible - Rogue Nation,Mission: Impossible - Rogue Nation,0.0,2015.0,,131.0,"Action,Adventure,Thriller",tt2381249,17,Mission: Impossible 5,US,,working,,0.0,12,-,-,-,"$195,042,377",3988,"$195,042,377",Jul 31,Paramount Pictures,False,nm0003160,"nm0312367,nm0003160,nm1510800",nm0003160,Christopher McQuarrie,1968.0,,"writer,producer,director","tt1631867,tt0114814,tt2345759,tt4912910"
79,tt2872462,movie,Mistress America,Mistress America,0.0,2015.0,,84.0,"Comedy,Drama",tt2872462,20,Mistress America,US,,imdbDisplay,,0.0,197,-,-,-,"$2,500,431",512,"$2,500,431",Aug 14,Fox Searchlight Pictures,False,nm0000876,"nm0000876,nm1950086",nm0000876,Noah Baumbach,1969.0,,"writer,director,producer","tt2347569,tt0367089,tt2872462,tt7653254"
80,tt3660770,movie,Monkey Kingdom,Monkey Kingdom,0.0,2015.0,,81.0,Documentary,tt3660770,1,Monkey Kingdom,US,,imdbDisplay,,0.0,118,-,-,-,"$16,432,322",2012,"$16,432,322",Apr 17,Walt Disney Studios Motion Pictures,False,nm0288144,"nm1768412,nm1009988",nm0288144,Alastair Fothergill,1960.0,,"producer,director,writer","tt0393597,tt0296310,tt0795176,tt2092588"
81,tt3660770,movie,Monkey Kingdom,Monkey Kingdom,0.0,2015.0,,81.0,Documentary,tt3660770,1,Monkey Kingdom,US,,imdbDisplay,,0.0,118,-,-,-,"$16,432,322",2012,"$16,432,322",Apr 17,Walt Disney Studios Motion Pictures,False,nm1768412,"nm1768412,nm1009988",nm1768412,Mark Linfield,,,"producer,director,writer","tt1222815,tt0393597,tt12036052,tt3660770"
82,tt3045616,movie,Mortdecai,Mortdecai,0.0,2015.0,,107.0,"Action,Adventure,Comedy",tt3045616,31,Mortdecai,US,,imdbDisplay,,0.0,147,-,-,-,"$7,696,134",2648,"$7,696,134",Jan 23,Lionsgate,False,nm0462895,"nm0036962,nm5795768",nm0462895,David Koepp,1963.0,,"writer,miscellaneous,director","tt0995039,tt0145487,tt0164181,tt0107290"
83,tt3168230,movie,Mr. Holmes,Mr. Holmes,0.0,2015.0,,104.0,"Drama,Mystery",tt3168230,1,Mr. Holmes,US,,imdbDisplay,,0.0,114,-,-,-,"$17,737,646",898,"$17,737,646",Jul 17,Roadside Attractions,False,nm0174374,"nm1616194,nm0368774,nm0236279",nm0174374,Bill Condon,1955.0,,"director,writer,producer","tt0443489,tt0120684,tt0362269,tt0299658"
84,tt1781922,movie,No Escape,No Escape,0.0,2015.0,,103.0,"Action,Thriller",tt1781922,28,The Coup,US,,working,,0.0,89,-,-,-,"$27,288,872",3415,"$27,288,872",Aug 26,The Weinstein Company,False,nm0235719,"nm0235719,nm1803105",nm0235719,John Erick Dowdle,1972.0,,"director,writer,producer","tt1082868,tt6040674,tt2870612,tt1781922"
85,tt1018765,movie,Our Brand Is Crisis,Our Brand Is Crisis,0.0,2015.0,,107,"Comedy,Drama",tt1018765,5,Our Brand Is Crisis,US,,imdbDisplay,,0.0,152,-,-,-,"$7,002,261",2202,"$7,002,261",Oct 30,Warner Bros.,False,nm0337773,"nm1354496,nm1661186",nm0337773,David Gordon Green,1975.0,,"producer,director,writer","tt2382396,tt1502407,tt10665338,tt0262432"
86,tt3332064,movie,Pan,Pan,0.0,2015.0,,111.0,"Adventure,Comedy,Family",tt3332064,25,Pan,US,,imdbDisplay,,0.0,74,-,-,-,"$35,057,457",3515,"$35,088,320",Oct 9,Warner Bros.,False,nm0942504,"nm0297229,nm0057381",nm0942504,Joe Wright,1972.0,,"director,producer,miscellaneous","tt0414387,tt0993842,tt4555426,tt0783233"
87,tt3622592,movie,Paper Towns,Paper Towns,0.0,2015.0,,109.0,"Adventure,Comedy,Drama",tt3622592,27,Paper Towns,US,,imdbDisplay,,0.0,81,-,-,-,"$32,000,304",3031,"$32,000,304",Jul 24,Twentieth Century Fox,False,nm1500577,"nm2354099,nm2352210,nm1981261",nm1500577,Jake Schreier,,,"director,producer,actor","tt11343600,tt3622592,tt1990314,tt2761034"
88,tt2473510,movie,Paranormal Activity: The Ghost Dimension,Paranormal Activity: The Ghost Dimension,0.0,2015.0,,88.0,"Horror,Mystery",tt2473510,40,Paranormal Activity: Ghost Dimension,US,,working,,0.0,109,-,-,-,"$18,300,124",1656,"$18,300,124",Oct 23,Paramount Pictures,False,nm0687427,"nm3091255,nm2065670,nm0733263,nm1134130,nm3500903,nm2305431",nm0687427,Gregory Plotkin,,,"editorial_department,editor,producer","tt5052448,tt1999890,tt2473510,tt5308322"
89,tt3450650,movie,Paul Blart: Mall Cop 2,Paul Blart: Mall Cop 2,0.0,2015.0,,94.0,"Action,Comedy,Crime",tt3450650,26,Paul Blart: Mall Cop 2,US,,imdbDisplay,,0.0,40,-,-,-,"$71,038,190",3633,"$71,038,190",Apr 17,Sony Pictures Entertainment (SPE),False,nm0275698,"nm0416673,nm0048169",nm0275698,Andy Fickman,,,"producer,director,actor","tt1414382,tt1075417,tt0118615,tt3450650"
90,tt2848292,movie,Pitch Perfect 2,Pitch Perfect 2,0.0,2015.0,,115.0,"Comedy,Music",tt2848292,13,Pitch Perfect 2,US,,imdbDisplay,,0.0,13,-,-,-,"$183,785,415",3660,"$184,296,230",May 15,Universal Pictures,False,nm0006969,"nm0134224,nm3015467",nm0006969,Elizabeth Banks,1974.0,,"actress,producer,director","tt1392170,tt1951265,tt0903657,tt1951264"
91,tt2120120,movie,Pixels,Pixels,0.0,2015.0,,105.0,"Action,Animation,Comedy",tt2120120,40,Pixels,US,,imdbDisplay,,0.0,36,-,-,-,"$78,747,585",3723,"$78,747,585",Jul 24,Sony Pictures Entertainment (SPE),False,nm0001060,"nm0379056,nm0000251,nm1268896",nm0001060,Chris Columbus,1958.0,,"producer,writer,director","tt0294870,tt1454029,tt0295297,tt0241527"
92,tt2058673,movie,Point Break,Point Break,0.0,2015.0,,114.0,"Action,Adventure,Crime",tt2058673,29,Point Break,US,,imdbDisplay,,0.0,120,-,-,-,"$15,584,535",2910,"$28,782,481",Dec 25,Warner Bros.,False,nm0179697,"nm0934483,nm0004488,nm0407717",nm0179697,Ericson Core,,,"cinematographer,director,camera_department","tt0445990,tt0120784,tt2058673,tt0232500"
93,tt1029360,movie,Poltergeist,Poltergeist,0.0,2015.0,,93.0,"Horror,Thriller",tt1029360,35,Poltergeist,US,,imdbDisplay,,0.0,60,-,-,-,"$47,425,125",3242,"$47,425,125",May 22,Twentieth Century Fox,False,nm1481493,"nm1865755,nm0000229,nm0334457,nm0896131",nm1481493,Gil Kenan,1976.0,,"director,writer,soundtrack","tt0385880,tt1268802,tt0970411,tt1029360"
94,tt3595298,movie,Prem Ratan Dhan Payo,Prem Ratan Dhan Payo,0.0,2015.0,,164.0,"Action,Drama,Musical",tt3595298,3,Found a Treasure Called Love,US,,,informal English title,0.0,173,-,-,-,"$4,364,639",287,"$4,364,639",Nov 12,FIP,False,nm0054744,"nm0054744,nm2105422",nm0054744,Sooraj R. Barjatya,1965.0,,"producer,writer,director","tt0110076,tt0494290,tt3595298,tt0100095"
95,tt2436386,movie,Project Almanac,Project Almanac,0.0,2015.0,,106.0,"Drama,Mystery,Sci-Fi",tt2436386,16,Welcome to Yesterday,US,,working,,0.0,102,-,-,-,"$22,348,241",2900,"$22,348,241",Jan 30,Paramount Pictures,False,nm2410311,"nm3091255,nm2065670",nm2410311,Dean Israelite,1984.0,,"director,writer,producer","tt3717490,tt11947264,tt2436386,tt1391559"
96,tt3623726,movie,Ricki and the Flash,Ricki and the Flash,0.0,2015.0,,101.0,"Comedy,Drama,Music",tt3623726,28,Ricki and the Flash,US,,imdbDisplay,,0.0,90,-,-,-,"$26,822,144",2064,"$26,822,144",Aug 7,TriStar Pictures,False,nm0001129,nm1959505,nm0001129,Jonathan Demme,1944.0,2017.0,"director,producer,writer","tt0107818,tt0102926,tt1084950,tt0268126"
97,tt3164256,movie,Rock the Kasbah,Rock the Kasbah,0.0,2015.0,,106.0,"Comedy,Music,War",tt3164256,16,Rock the Kasbah,US,,imdbDisplay,,0.0,188,-,-,-,"$3,020,664",2012,"$3,020,664",Oct 23,Open Road Films (II),False,nm0001469,nm0322248,nm0001469,Barry Levinson,1942.0,,"producer,writer,director","tt0095953,tt0101516,tt0120885,tt1933667"
98,tt3170832,movie,Room,Room,0.0,2015.0,,118.0,"Drama,Thriller",tt3170832,7,Room,US,,imdbDisplay,,0.0,164,-,-,-,"$4,860,753",862,"$14,677,654",Oct 16,A24,False,nm1049433,nm1480980,nm1049433,Lenny Abrahamson,1966.0,,"producer,director,writer","tt1605717,tt3170832,tt0419420,tt9059760"
99,tt2199571,movie,Run All Night,Run All Night,0.0,2015.0,,114.0,"Action,Crime,Thriller",tt2199571,23,The All Nighter,US,,working,,0.0,92,-,-,-,"$26,461,644",3171,"$26,461,644",Mar 13,Warner Bros.,False,nm1429471,nm2145487,nm1429471,Jaume Collet-Serra,1974.0,,"director,producer","tt4052882,tt0397065,tt1148204,tt1401152"
100,tt2126355,movie,San Andreas,San Andreas,0.0,2015.0,,114.0,"Action,Adventure,Thriller",tt2126355,1,San Andreas,US,,imdbDisplay,,0.0,20,-,-,-,"$155,190,832",3812,"$155,190,832",May 29,Warner Bros.,False,nm0679031,"nm0193681,nm1061002,nm0664920",nm0679031,Brad Peyton,1978.0,,"writer,producer,director","tt2126355,tt7130298,tt2231461,tt8755226"
101,tt1727776,movie,Scouts Guide to the Zombie Apocalypse,Scouts Guide to the Zombie Apocalypse,0.0,2015.0,,93.0,"Action,Comedy,Horror",tt1727776,8,Scouts vs. Zombies,US,,working,,0.0,177,-,-,-,"$3,703,046",1509,"$3,703,046",Oct 30,Paramount Pictures,False,nm0484907,"nm0933144,nm0595088,nm0484907,nm0931185",nm0484907,Christopher Landon,1975.0,,"writer,producer,director","tt2473682,tt10919380,tt1727776,tt8155288"
102,tt1741273,movie,Secret in Their Eyes,Secret in Their Eyes,0.0,2015.0,,111.0,"Crime,Drama,Mystery",tt1741273,25,Secret in Their Eyes,US,,imdbDisplay,,0.0,105,-,-,-,"$20,070,622",2392,"$20,180,155",Nov 20,STX Entertainment,False,nm0712753,"nm0712753,nm0002728,nm3160078",nm0712753,Billy Ray,,,"writer,producer,director","tt0323944,tt1535109,tt1392170,tt6450804"
103,tt2140379,movie,Self/less,Self/less,0.0,2015.0,,117.0,"Action,Mystery,Sci-Fi",tt2140379,7,Selfless,US,,,alternative spelling,0.0,132,-,-,-,"$12,279,691",2353,"$12,279,691",Jul 10,Focus Features,False,nm0802248,"nm1883612,nm0665041",nm0802248,Tarsem Singh,1961.0,,"director,producer,soundtrack","tt0209958,tt2140379,tt0460791,tt1667353"
104,tt2872750,movie,Shaun the Sheep Movie,Shaun the Sheep Movie,0.0,2015.0,,85.0,"Adventure,Animation,Comedy",tt2872750,28,Shaun the Sheep Movie,US,,imdbDisplay,,0.0,107,-,-,-,"$19,375,982",2360,"$19,375,982",Aug 5,Lionsgate,False,nm0123666,"nm0123666,nm0326450,nm0661910",nm0123666,Mark Burton,,,"writer,miscellaneous,producer","tt0377981,tt0312004,tt2872750,tt0351283"
105,tt2872750,movie,Shaun the Sheep Movie,Shaun the Sheep Movie,0.0,2015.0,,85.0,"Adventure,Animation,Comedy",tt2872750,28,Shaun the Sheep Movie,US,,imdbDisplay,,0.0,107,-,-,-,"$19,375,982",2360,"$19,375,982",Aug 5,Lionsgate,False,nm0326450,"nm0123666,nm0326450,nm0661910",nm0326450,Richard Starzak,1959.0,,"writer,director,miscellaneous","tt0983983,tt2872750,tt0324742,tt0219086"
106,tt3397884,movie,Sicario,Sicario,0.0,2015.0,,121.0,"Action,Crime,Drama",tt3397884,4,Sicario,US,,imdbDisplay,,0.0,62,-,-,-,"$46,770,373",2620,"$46,889,293",Sep 18,Lionsgate,False,nm0898288,nm0792263,nm0898288,Denis Villeneuve,1967.0,,"director,writer,editor","tt1255953,tt2543164,tt1856101,tt3397884"
107,tt2752772,movie,Sinister 2,Sinister 2,0.0,2015.0,,97.0,"Horror,Mystery,Thriller",tt2752772,18,Sinister 2,US,,imdbDisplay,,0.0,87,-,-,-,"$27,740,955",2799,"$27,740,955",Aug 21,Focus Features,False,nm1164602,"nm0220600,nm1803036",nm1164602,Ciarán Foy,,,"director,writer,editor","tt5294518,tt2752772,tt1641975,tt0841102"
108,tt15150366,movie,Sisters,Sisters,0.0,2022.0,,,Horror,tt15150366,2,Sisters,US,,imdbDisplay,,0.0,59,-,-,-,"$49,123,380",2978,"$87,044,645",Dec 18,Universal Pictures,False,nm6381958,"nm9639597,nm5345928",nm6381958,Natasha Halevi,1982.0,,"actress,director,producer","tt14392200,tt4723064,tt9606918,tt10837854"
109,tt1798684,movie,Southpaw,Southpaw,0.0,2015.0,,124.0,"Action,Crime,Drama",tt1798684,14,Southpaw,US,,imdbDisplay,,0.0,56,-,-,-,"$52,421,953",2772,"$52,421,953",Jul 24,The Weinstein Company,False,nm0298807,nm1176676,nm0298807,Antoine Fuqua,1965.0,,"director,producer,actor","tt1210042,tt0455944,tt1798684,tt2404435"
110,tt3233418,movie,Spare Parts,Spare Parts,0.0,2015.0,,114.0,"Biography,Drama,History",tt3233418,1,Spare Parts,US,,imdbDisplay,,0.0,179,-,-,-,"$3,618,912",440,"$3,618,912",Jan 16,Lionsgate,False,nm0573732,"nm0202952,nm5990921",nm0573732,Sean McNamara,1962.0,,"producer,director,writer","tt3233418,tt0206511,tt2828884,tt0167360"
111,tt2379713,movie,Spectre,Spectre,0.0,2015.0,,148.0,"Action,Adventure,Thriller",tt2379713,25,Spectre,US,,imdbDisplay,,0.0,11,-,-,-,"$197,102,585",3929,"$200,074,609",Nov 6,Sony Pictures Entertainment (SPE),False,nm0005222,"nm0517589,nm0701031,nm0905498,nm0125336,nm0001220",nm0005222,Sam Mendes,1965.0,,"producer,director,miscellaneous","tt0257044,tt1074638,tt0959337,tt8579674"
112,tt1895587,movie,Spotlight,Spotlight,0.0,2015.0,,129.0,"Biography,Crime,Drama",tt1895587,43,Spotlight,US,,imdbDisplay,,0.0,94,-,-,-,"$25,923,879",1227,"$45,055,776",Nov 6,Open Road Films (II),False,nm0565336,"nm1802857,nm0565336",nm0565336,Tom McCarthy,1966.0,,"actor,producer,writer","tt0340377,tt1190080,tt1606392,tt0857191"
113,tt3079380,movie,Spy,Spy,0.0,2015.0,,120.0,"Action,Comedy",tt3079380,25,Spy,US,,imdbDisplay,,0.0,25,-,-,-,"$110,825,712",3715,"$110,825,712",Jun 5,Twentieth Century Fox,False,nm0082450,nm0082450,nm0082450,Paul Feig,1962.0,,"producer,actor,director","tt3079380,tt2404463,tt0193676,tt0110006"
114,tt2488496,movie,Star Wars: Episode VII - The Force Awakens,Star Wars: Episode VII - The Force Awakens,0.0,2015.0,,138.0,"Action,Adventure,Sci-Fi",tt2488496,46,Star Wars: The Force Awakens,US,,imdbDisplay,,0.0,2,-,-,-,"$651,967,269",4134,"$936,662,225",Dec 18,Walt Disney Studios Motion Pictures,False,nm0009190,"nm0001410,nm0009190,nm1578335,nm0000184",nm0009190,J.J. Abrams,1966.0,,"producer,writer,music_department","tt2488496,tt2527338,tt0411008,tt0796366"
115,tt2080374,movie,Steve Jobs,Steve Jobs,0.0,2015.0,,122.0,"Biography,Drama",tt2080374,24,Steve Jobs,US,,imdbDisplay,,0.0,113,-,-,-,"$17,766,658",2493,"$17,766,658",Oct 9,Universal Pictures,False,nm0000965,"nm0815070,nm0410596",nm0000965,Danny Boyle,1956.0,,"director,producer,writer","tt0111149,tt0289043,tt1010048,tt1542344"
116,tt1398426,movie,Straight Outta Compton,Straight Outta Compton,0.0,2015.0,,147.0,"Biography,Drama,History",tt1398426,27,Straight Outta Compton,US,,imdbDisplay,,0.0,19,-,-,-,"$161,197,785",3142,"$161,197,785",Aug 14,Universal Pictures,False,nm0336620,"nm6707680,nm0075696,nm0767655,nm0921023",nm0336620,F. Gary Gray,1969.0,,"director,actor,producer","tt0120768,tt0117603,tt0317740,tt0113118"
117,tt4191054,movie,Strange Magic,Strange Magic,0.0,2015.0,,99.0,"Adventure,Animation,Comedy",tt4191054,26,Strange Magic,US,,imdbDisplay,,0.0,130,-,-,-,"$12,429,583",3020,"$12,429,583",Jan 23,Walt Disney Studios Motion Pictures,False,nm0003977,"nm1183854,nm0575293,nm0003977,nm0000184",nm0003977,Gary Rydstrom,1959.0,,"sound_department,miscellaneous,director","tt0181689,tt0107290,tt0103064,tt2935510"
118,tt3077214,movie,Suffragette,Suffragette,0.0,2015.0,,106.0,"Drama,History",tt3077214,43,Suffragette,US,,imdbDisplay,,0.0,167,-,-,-,"$4,657,235",517,"$4,702,420",Oct 23,Focus Features,False,nm0310673,nm0604448,nm0310673,Sarah Gavron,,,"director,producer","tt0940585,tt0327691,tt3077214,tt9067182"
119,tt2140465,movie,Tanu Weds Manu Returns,Tanu Weds Manu Returns,0.0,2015.0,,128.0,"Comedy,Drama,Romance",tt2140465,10,Tanu Weds Manu Returns,US,,imdbDisplay,,0.0,187,-,-,-,"$3,043,479",136,"$3,043,479",May 22,Eros Worldwide,False,nm2399862,nm2402576,nm2399862,Aanand L. Rai,,,"producer,director,music_department","tt2140465,tt2359810,tt6527426,tt8239946"
120,tt2637276,movie,Ted 2,Ted 2,0.0,2015.0,,115.0,Comedy,tt2637276,18,Ted 2,US,,imdbDisplay,,0.0,34,-,-,-,"$81,476,385",3448,"$81,476,385",Jun 26,Universal Pictures,False,nm0532235,"nm0532235,nm1273148,nm1273397",nm0532235,Seth MacFarlane,1973.0,,"writer,music_department,producer","tt2557490,tt0182576,tt0397306,tt1637725"
121,tt1340138,movie,Terminator Genisys,Terminator Genisys,0.0,2015.0,,126.0,"Action,Adventure,Sci-Fi",tt1340138,25,Terminator: Genesis,US,,working,,0.0,31,-,-,-,"$89,760,956",3783,"$89,760,956",Jul 1,Paramount Pictures,False,nm0851930,"nm0436164,nm0527261,nm0000116,nm0005036",nm0851930,Alan Taylor,1965.0,,"director,producer,writer","tt1981115,tt0944947,tt1340138,tt0282768"
122,tt2006295,movie,The 33,The 33,0.0,2015.0,,127.0,"Biography,Drama,History",tt2006295,26,The 33,US,,imdbDisplay,,0.0,134,-,-,-,"$12,049,242",2452,"$12,227,722",Nov 13,Warner Bros.,False,nm0726638,"nm1209140,nm1258965,nm0859241,nm1433580,nm5203976",nm0726638,Patricia Riggen,1970.0,,"director,producer,miscellaneous","tt2006295,tt0411376,tt0796307,tt0352584"
123,tt1655441,movie,The Age of Adaline,The Age of Adaline,0.0,2015.0,,112.0,"Drama,Fantasy,Romance",tt1655441,42,Adaline,US,,working,,0.0,70,-,-,-,"$42,629,776",3070,"$42,629,776",Apr 24,Lionsgate,False,nm1767218,"nm0328987,nm3384330",nm1767218,Lee Toland Krieger,,,"producer,director,writer","tt0433364,tt1405365,tt1183921,tt1655441"
124,tt1596363,movie,The Big Short,The Big Short,0.0,2015.0,,130.0,"Biography,Comedy,Drama",tt1596363,21,The Big Short,US,,imdbDisplay,,0.0,97,-,-,-,"$23,995,178",2529,"$70,259,870",Dec 11,Paramount Pictures,False,nm0570912,"nm1017488,nm0570912,nm1034122",nm0570912,Adam McKay,1968.0,,"producer,writer,director","tt6266538,tt1596363,tt0478970,tt1386588"
125,tt3181822,movie,The Boy Next Door,The Boy Next Door,0.0,2015.0,,91.0,Thriller,tt3181822,35,The Boy Next Door,US,,imdbDisplay,,0.0,73,-,-,-,"$35,423,380",2615,"$35,423,380",Jan 23,Universal Pictures,False,nm0003418,nm3204152,nm0003418,Rob Cohen,1949.0,,"producer,director,actor","tt0382992,tt0106770,tt0116136,tt0093894"
126,tt1666801,movie,The DUFF,The Duff,0.0,2015.0,,101.0,"Comedy,Romance",tt1666801,32,Duff,US,,working,,0.0,76,-,-,-,"$34,030,343",2622,"$34,030,343",Feb 20,Lionsgate,False,nm1847738,"nm1038800,nm3929735",nm1847738,Ari Sandel,,,"director,producer,writer","tt0438575,tt5783956,tt1666801,tt2153260"
127,tt0810819,movie,The Danish Girl,The Danish Girl,0.0,2015.0,,119.0,"Biography,Drama,Romance",tt0810819,10,The Danish Girl,US,,imdbDisplay,,0.0,170,-,-,-,"$4,506,440",794,"$11,114,018",Nov 27,Focus Features,False,nm0393799,"nm0185309,nm2286442",nm0393799,Tom Hooper,1972.0,,"director,producer,writer","tt0810819,tt1504320,tt1707386,tt5697572"
128,tt2908446,movie,The Divergent Series: Insurgent,Insurgent,0.0,2015.0,,119.0,"Action,Adventure,Sci-Fi",tt2908446,26,Divergent. Part 2,US,,alternative,,0.0,22,-,-,-,"$130,179,072",3875,"$130,179,072",Mar 20,Lionsgate,False,nm0777881,"nm3929259,nm0326040,nm0093560,nm4316121",nm0777881,Robert Schwentke,1968.0,,"director,writer,soundtrack","tt1245526,tt0790736,tt6763252,tt0286204"
129,tt3416744,movie,The End of the Tour,The End of the Tour,0.0,2015.0,,106.0,"Biography,Drama",tt3416744,16,The End of the Tour,US,,imdbDisplay,,0.0,189,-,-,-,"$3,002,884",355,"$3,002,884",Jul 31,A24,False,nm1242054,"nm0546869,nm4240610",nm1242054,James Ponsoldt,1978.0,,"producer,director,writer","tt3416744,tt1714206,tt4287320,tt2063781"
130,tt2309260,movie,The Gallows,The Gallows,0.0,2015.0,,81.0,"Horror,Mystery,Thriller",tt2309260,15,The Gallows,US,,imdbDisplay,,0.0,100,-,-,-,"$22,764,410",2720,"$22,764,410",Jul 10,Warner Bros.,False,nm4000389,"nm3951039,nm4000389",nm4000389,Travis Cluff,,,"producer,actor,director","tt7473716,tt14657190,tt2309260,tt8676446"
131,tt2309260,movie,The Gallows,The Gallows,0.0,2015.0,,81.0,"Horror,Mystery,Thriller",tt2309260,15,The Gallows,US,,imdbDisplay,,0.0,100,-,-,-,"$22,764,410",2720,"$22,764,410",Jul 10,Warner Bros.,False,nm3951039,"nm3951039,nm4000389",nm3951039,Chris Lofing,,,"producer,director,writer","tt7473716,tt8676446,tt14657190,tt2309260"
132,tt1828325,movie,The Gambler,The Gambler,0.0,2015.0,,105.0,Drama,tt1828325,1,The Gambler,US,,imdbDisplay,,0.0,121,-,-,-,"$14,800,136",2494,"$33,680,992",Dec 25,Paramount Pictures,False,nm0354451,"nm0234502,nm0354451",nm0354451,Szabolcs Hajdu,1972.0,,"actor,director,writer","tt0997035,tt0269500,tt0464955,tt5537614"
133,tt4178092,movie,The Gift,The Gift,0.0,2015.0,,108.0,"Drama,Mystery,Thriller",tt4178092,33,Weirdo,US,,working,,0.0,66,-,-,-,"$43,787,265",2503,"$43,787,265",Aug 7,STX Entertainment,False,nm0249291,nm0249291,nm0249291,Joel Edgerton,1974.0,,"actor,writer,producer","tt4178092,tt4669986,tt7008872,tt1343092"
134,tt1979388,movie,The Good Dinosaur,The Good Dinosaur,0.0,2015.0,,93.0,"Adventure,Animation,Comedy",tt1979388,38,The Good Dinosaur,US,,imdbDisplay,,0.0,26,-,-,-,"$110,716,470",3749,"$123,087,120",Nov 25,Walt Disney Studios Motion Pictures,False,nm0812307,"nm0677037,nm0812307,nm4402755,nm0498834,nm1626375,nm0373282,nm2937122",nm0812307,Peter Sohn,1977.0,,"actor,animation_department,art_department","tt1453405,tt0382932,tt1049413,tt1979388"
135,tt2515034,movie,The Gunman,The Gunman,0.0,2015.0,,115.0,"Action,Adventure,Crime",tt2515034,4,The Gunman,US,,imdbDisplay,,0.0,135,-,-,-,"$10,664,749",2816,"$10,664,749",Mar 20,Open Road Films (II),False,nm0603628,"nm0541389,nm0534207,nm0871428,nm0000576",nm0603628,Pierre Morel,1964.0,,"camera_department,cinematographer,director","tt2515034,tt0936501,tt0414852,tt6850820"
136,tt3460252,movie,The Hateful Eight,The Hateful Eight,0.0,2015.0,,168.0,"Crime,Drama,Mystery",tt3460252,22,The H8ful Eight,US,,,promotional title,0.0,126,-,-,-,"$13,339,210",2938,"$54,117,416",Dec 25,The Weinstein Company,False,nm0000233,nm0000233,nm0000233,Quentin Tarantino,1963.0,,"writer,actor,producer","tt3460252,tt0105236,tt0110912,tt0116367"
137,tt1951266,movie,The Hunger Games: Mockingjay - Part 2,The Hunger Games: Mockingjay - Part 2,0.0,2015.0,,137.0,"Action,Adventure,Sci-Fi",tt1951266,13,The Hunger Games: Mockingjay - Part 2,US,,imdbDisplay,,0.0,8,-,-,-,"$269,569,121",4175,"$281,723,902",Nov 20,Lionsgate,False,nm1349376,"nm0185976,nm0834960,nm1056741",nm1349376,Francis Lawrence,1971.0,,"director,producer,writer","tt0480249,tt1951266,tt1951265,tt1951264"
138,tt2361509,movie,The Intern,The Intern,0.0,2015.0,,121.0,"Comedy,Drama",tt2361509,14,The Intern,US,,imdbDisplay,,0.0,38,-,-,-,"$75,574,886",3320,"$75,764,672",Sep 25,Warner Bros.,False,nm0583600,nm0583600,nm0583600,Nancy Meyers,1949.0,,"writer,producer,director","tt0337741,tt1230414,tt0457939,tt2361509"
139,tt11850870,movie,The Interview,The Interview,0.0,2021.0,,70,Drama,tt11850870,2,The Interview,US,,imdbDisplay,,0.0,195,-,-,-,"$2,552,397",581,"$6,105,175",Dec 25,Sony Pictures Entertainment (SPE),False,nm10411901,"nm10459798,nm10411901",nm10411901,Sinan Yalvac,,,"director,writer,producer","tt9760434,tt11850870,tt9772738,tt9742832"
140,tt1618442,movie,The Last Witch Hunter,The Last Witch Hunter,0.0,2015.0,,106.0,"Action,Adventure,Fantasy",tt1618442,35,The Last Witch Hunter,US,,imdbDisplay,,0.0,88,-,-,-,"$27,367,660",3082,"$27,367,660",Oct 23,Lionsgate,False,nm0252135,"nm2309430,nm1948885,nm2332952",nm0252135,Breck Eisner,1970.0,,"director,producer,actor","tt1618442,tt0455407,tt0318649,tt3230854"
141,tt2918436,movie,The Lazarus Effect,The Lazarus Effect,0.0,2015.0,,83.0,"Horror,Mystery,Sci-Fi",tt2918436,16,Reawakening,US,,working,,0.0,95,-,-,-,"$25,801,570",2666,"$25,801,570",Feb 27,Relativity Media,False,nm0312173,"nm1430636,nm2916300",nm0312173,David Gelb,1983.0,,"producer,director,writer","tt10050778,tt1772925,tt2918436,tt4295140"
142,tt2726560,movie,The Longest Ride,The Longest Ride,0.0,2015.0,,123.0,"Drama,Romance,Western",tt2726560,23,The Longest Ride,US,,imdbDisplay,,0.0,72,-,-,-,"$37,446,117",3371,"$37,446,117",Apr 10,Twentieth Century Fox,False,nm0863387,"nm0817023,nm0093271",nm0863387,George Tillman Jr.,1969.0,,"producer,director,writer","tt5580266,tt0472198,tt2113075,tt0203019"
143,tt1638355,movie,The Man from U.N.C.L.E.,The Man from U.N.C.L.E.,0.0,2015.0,,116.0,"Action,Adventure,Comedy",tt1638355,18,The Man from U.N.C.L.E.,US,,imdbDisplay,,0.0,63,-,-,-,"$45,445,109",3673,"$45,445,109",Aug 14,Warner Bros.,False,nm0005363,"nm0005363,nm0927880,nm0458566,nm0933276,nm0738222",nm0005363,Guy Ritchie,1968.0,,"writer,director,producer","tt0208092,tt0988045,tt0120735,tt1638355"
144,tt3659388,movie,The Martian,The Martian,0.0,2015.0,,144.0,"Adventure,Drama,Sci-Fi",tt3659388,26,The Martian,US,,imdbDisplay,,0.0,9,-,-,-,"$225,345,353",3854,"$228,433,663",Oct 2,Twentieth Century Fox,False,nm0000631,"nm1206844,nm1083982",nm0000631,Ridley Scott,1937.0,,"producer,director,production_designer","tt0083658,tt0172495,tt3659388,tt0103074"
145,tt3530002,movie,The Night Before,The Night Before,0.0,2015.0,,101.0,"Comedy,Fantasy",tt3530002,34,The Night Before,US,,imdbDisplay,,0.0,68,-,-,-,"$42,884,826",2960,"$43,047,372",Nov 20,Sony Pictures Entertainment (SPE),False,nm1349522,"nm1349522,nm3773434,nm3782043,nm1698571",nm1349522,Jonathan Levine,,,"writer,producer,director","tt2139881,tt1588173,tt1082886,tt1306980"
146,tt2452042,movie,The Peanuts Movie,The Peanuts Movie,0.0,2015.0,,88.0,"Adventure,Animation,Comedy",tt2452042,27,The Peanuts Movie,US,,imdbDisplay,,0.0,24,-,-,-,"$128,235,584",3902,"$130,178,411",Nov 6,Twentieth Century Fox,False,nm0553942,"nm0776441,nm2421049,nm2370700,nm0776433",nm0553942,Steve Martino,1959.0,,"animation_department,director,miscellaneous","tt0451079,tt2452042,tt0358082,tt5814534"
147,tt14779558,movie,The Perfect Guy,Finding the Perfect Guy,0.0,2021.0,,,"Comedy,Romance",tt14779558,2,The Perfect Guy,US,,imdbDisplay,,0.0,51,-,-,-,"$57,027,435",2230,"$57,027,435",Sep 11,Screen Gems,False,nm10317167,nm10317167,nm10317167,Oleathia Robinson,,,"actress,director,writer","tt14809744,tt14779558,tt14316584,tt13344462"
148,tt2555736,movie,The Second Best Exotic Marigold Hotel,The Second Best Exotic Marigold Hotel,0.0,2015.0,,122.0,"Comedy,Drama,Romance",tt2555736,22,The Second Best Exotic Marigold Hotel,US,,imdbDisplay,,0.0,78,-,-,-,"$33,078,266",2022,"$33,078,266",Mar 6,Fox Searchlight Pictures,False,nm0006960,"nm0662530,nm0006960",nm0006960,John Madden,1949.0,,"director,producer,writer","tt1412386,tt0377107,tt0138097,tt2555736"
149,tt2279373,movie,The SpongeBob Movie: Sponge Out of Water,The SpongeBob Movie: Sponge Out of Water,0.0,2015.0,,92.0,"Adventure,Animation,Comedy",tt2279373,30,The SpongeBob Movie: Sponge Out of Water,US,,imdbDisplay,,0.0,18,-,-,-,"$162,994,032",3680,"$162,994,032",Feb 6,Paramount Pictures,False,nm0593610,"nm0008743,nm0074184,nm0384864,nm1196684,nm0238757,nm0384722,nm0909088,nm2824876",nm0593610,Mike Mitchell,1970.0,,"director,actor,writer","tt0194006,tt0892782,tt12879112,tt0892791"
150,tt2279373,movie,The SpongeBob Movie: Sponge Out of Water,The SpongeBob Movie: Sponge Out of Water,0.0,2015.0,,92.0,"Adventure,Animation,Comedy",tt2279373,30,The SpongeBob Movie: Sponge Out of Water,US,,imdbDisplay,,0.0,18,-,-,-,"$162,994,032",3680,"$162,994,032",Feb 6,Paramount Pictures,False,nm1196684,"nm0008743,nm0074184,nm0384864,nm1196684,nm0238757,nm0384722,nm0909088,nm2824876",nm1196684,Paul Tibbitt,1968.0,,"producer,writer,art_department","tt0318155,tt0206512,tt0345950,tt2279373"
151,tt2938956,movie,The Transporter Refueled,The Transporter Refueled,0.0,2015.0,,96.0,"Action,Thriller",tt2938956,23,The Transporter Refueled,US,,imdbDisplay,,0.0,119,-,-,-,"$16,029,670",3434,"$16,029,670",Sep 4,EuropaCorp,False,nm0216214,"nm0177836,nm0171651,nm0000108,nm0436543",nm0216214,Camille Delamarre,1979.0,,"director,editor,assistant_director","tt1430612,tt1592525,tt2674924,tt2938956"
152,tt3567288,movie,The Visit,The Visit,0.0,2015.0,,94.0,"Horror,Mystery,Thriller",tt3567288,30,Sundowning,US,,working,,0.0,45,-,-,-,"$65,206,105",3148,"$65,206,105",Sep 11,Universal Pictures,False,nm0796117,nm0796117,nm0796117,M. Night Shyamalan,1970.0,,"producer,director,writer","tt0167404,tt0452637,tt0368447,tt0286106"
153,tt11052558,movie,The Walk,The Walk,0.0,2020.0,,92.0,Drama,tt11052558,1,The Walk,US,,imdbDisplay,,0.0,137,-,-,-,"$10,137,502",2509,"$10,137,502",Sep 30,TriStar Pictures,False,nm7439051,"nm11028696,nm11028697,nm7686710",nm7439051,Chang Hyun Park,,,"director,cinematographer,camera_department","tt11311226,tt6508024,tt4838402,tt11052558"
154,tt11052558,movie,The Walk,The Walk,0.0,2020.0,,92.0,Drama,tt11052558,1,The Walk,US,,imdbDisplay,,0.0,137,-,-,-,"$10,137,502",2509,"$10,137,502",Sep 30,TriStar Pictures,False,nm11028687,"nm11028696,nm11028697,nm7686710",nm11028687,Adam Jung,,,,
155,tt0884732,movie,The Wedding Ringer,The Wedding Ringer,0.0,2015.0,,101.0,Comedy,tt0884732,32,The Wedding Ringer,US,,imdbDisplay,,0.0,47,-,-,-,"$64,460,211",3003,"$64,460,211",Jan 16,Screen Gems,False,nm1275670,"nm1275670,nm1191891",nm1275670,Jeremy Garelick,1975.0,,"producer,writer,director","tt0452594,tt7768010,tt0884732,tt0280486"
156,tt1964418,movie,Tomorrowland,Tomorrowland,0.0,2015.0,,130.0,"Action,Adventure,Family",tt1964418,41,Tomorrowland,US,,imdbDisplay,,0.0,29,-,-,-,"$93,436,322",3972,"$93,436,322",May 22,Walt Disney Studios Motion Pictures,False,nm0083348,"nm0511541,nm0083348,nm2701804",nm0083348,Brad Bird,1957.0,,"miscellaneous,writer,animation_department","tt0317705,tt3606756,tt0382932,tt0129167"
157,tt3152624,movie,Trainwreck,Trainwreck,0.0,2015.0,,125.0,"Comedy,Drama,Romance",tt3152624,18,Trainwreck,US,,imdbDisplay,,0.0,27,-,-,-,"$110,212,700",3171,"$110,212,700",Jul 17,Universal Pictures,False,nm0031976,nm2154960,nm0031976,Judd Apatow,1967.0,,"producer,writer,director","tt0478311,tt9686708,tt1723816,tt0405422"
158,tt2273657,movie,True Story,True Story,0.0,2015.0,,99.0,"Biography,Crime,Drama",tt2273657,26,True Story,US,,imdbDisplay,,0.0,166,-,-,-,"$4,719,695",856,"$4,719,695",Apr 17,Fox Searchlight Pictures,False,nm3734458,"nm3734458,nm1738734,nm4927379",nm3734458,Rupert Goold,1972.0,,"director,writer,producer","tt7549996,tt2262456,tt2273657,tt6253522"
159,tt3203606,movie,Trumbo,Trumbo,0.0,2015.0,,124.0,"Biography,Crime,Drama",tt3203606,33,Trumbo,US,,imdbDisplay,,0.0,155,-,-,-,"$6,842,949",660,"$7,857,741",Nov 6,Bleecker Street Media,False,nm0005366,"nm0573695,nm6983391",nm0005366,Jay Roach,1957.0,,"producer,director,writer","tt0109303,tt0118655,tt6394270,tt3203606"
160,tt3859076,movie,Truth,Truth,0.0,2015.0,,125,"Biography,Drama,History",tt3859076,15,Truth,US,,imdbDisplay,,0.0,196,-,-,-,"$2,515,179",1122,"$2,541,854",Oct 16,Sony Pictures Classics,False,nm0888743,"nm0888743,nm3200062",nm0888743,James Vanderbilt,1975.0,,"producer,writer,executive","tt1628841,tt0264395,tt0443706,tt2334879"
161,tt11286002,movie,Unbroken,Unbroken,0.0,2020.0,,94.0,Documentary,tt11286002,1,Unbroken,US,,imdbDisplay,,0.0,55,-,-,-,"$53,109,285",3301,"$115,637,895",Dec 25,Universal Pictures,False,nm9295832,,nm9295832,Dan Grin,1995.0,,"director,writer,producer","tt11286002,tt7414220"
162,tt2358925,movie,Unfinished Business,Unfinished Business,0.0,2015.0,,91.0,"Comedy,Drama",tt2358925,15,Business Trip,US,,working,,0.0,136,-,-,-,"$10,219,501",2777,"$10,219,501",Mar 6,Twentieth Century Fox,False,nm0779433,nm0175726,nm0779433,Ken Scott,,,"writer,director,actor","tt0366532,tt1756750,tt2358925,tt2387559"
163,tt1524930,movie,Vacation,Vacation,0.0,2015.0,,99.0,"Adventure,Comedy",tt1524930,7,Vacation,US,,imdbDisplay,,0.0,50,-,-,-,"$58,884,188",3430,"$58,884,188",Jul 29,Warner Bros.,False,nm0197855,"nm0326246,nm0197855,nm0000455",nm0197855,John Francis Daley,1985.0,,"actor,writer,director","tt1524930,tt2250912,tt0460627,tt0348333"
164,tt1524930,movie,Vacation,Vacation,0.0,2015.0,,99.0,"Adventure,Comedy",tt1524930,7,Vacation,US,,imdbDisplay,,0.0,50,-,-,-,"$58,884,188",3430,"$58,884,188",Jul 29,Warner Bros.,False,nm0326246,"nm0326246,nm0197855,nm0000455",nm0326246,Jonathan Goldstein,1969.0,,"producer,writer,miscellaneous","tt2250912,tt2704998,tt1499658"
165,tt1976009,movie,Victor Frankenstein,Victor Frankenstein,0.0,2015.0,,110.0,"Drama,Horror,Sci-Fi",tt1976009,16,Frankenstein,US,,working,,0.0,159,-,-,-,"$5,775,076",2797,"$5,775,076",Nov 25,Twentieth Century Fox,False,nm0006476,"nm0484840,nm0791217",nm0006476,Paul McGuigan,1963.0,,"director,producer","tt0122515,tt0425210,tt1976009,tt0324554"
166,tt3832914,movie,War Room,War Room,0.0,2015.0,,120.0,Drama,tt3832914,4,War Room,US,,imdbDisplay,,0.0,42,-,-,-,"$67,790,117",1945,"$67,790,117",Aug 28,TriStar Pictures,False,nm1731937,"nm1731937,nm1726854",nm1731937,Alex Kendrick,1970.0,,"actor,writer,producer","tt1129423,tt1630036,tt0425027,tt0805526"
167,tt3787590,movie,We Are Your Friends,We Are Your Friends,0.0,2015.0,,96.0,"Drama,Music,Romance",tt3787590,9,We Are Your Friends,US,,imdbDisplay,,0.0,180,-,-,-,"$3,591,417",2333,"$3,591,417",Aug 28,Warner Bros.,False,nm3273000,"nm3273000,nm0649198,nm1230426",nm3273000,Max Joseph,,,"writer,director,editor","tt2177557,tt2498968,tt2489258,tt3787590"
168,tt15000958,movie,Wild,Wild,0.0,2021.0,,88.0,Documentary,tt15000958,5,Wild,US,,imdbDisplay,,0.0,110,-,-,-,"$18,137,709",1361,"$37,880,356",Dec 3,Fox Searchlight Pictures,False,nm12737814,nm12737814,nm12737814,Mario Theus,,,"director,writer,cinematographer",tt15000958
169,tt2404425,movie,Woman in Gold,Woman in Gold,0.0,2015.0,,109.0,"Biography,Drama,History",tt2404425,6,Woman in Gold,US,,imdbDisplay,,0.0,77,-,-,-,"$33,307,793",2011,"$33,307,793",Apr 1,The Weinstein Company,False,nm0193508,"nm0443252,nm2739175,nm2721839",nm0193508,Simon Curtis,1960.0,,"producer,director,actor","tt1653665,tt2404425,tt1478839,tt1655420"
170,tt4183692,movie,Woodlawn,Woodlawn,0.0,2015.0,,123.0,"Biography,Drama,History",tt4183692,10,Woodlawn,US,,imdbDisplay,,0.0,124,-,-,-,"$14,374,957",1553,"$14,394,097",Oct 16,Pure Flix Entertainment,False,nm3401779,"nm2296528,nm8188756,nm0670266,nm8188757",nm3401779,Andrew Erwin,,,"director,editor,producer","tt9779516,tt3014666,tt4183692,tt6450186"
171,tt4183692,movie,Woodlawn,Woodlawn,0.0,2015.0,,123.0,"Biography,Drama,History",tt4183692,10,Woodlawn,US,,imdbDisplay,,0.0,124,-,-,-,"$14,374,957",1553,"$14,394,097",Oct 16,Pure Flix Entertainment,False,nm2296528,"nm2296528,nm8188756,nm0670266,nm8188757",nm2296528,Jon Erwin,,,"director,writer,producer","tt6450186,tt9779516,tt3014666,tt1720182"
